<?xml version="1.0" encoding="UTF-8"?>
<project-private xmlns="http://www.netbeans.org/ns/project-private/1">
    <editor-bookmarks xmlns="http://www.netbeans.org/ns/editor-bookmarks/2" lastBookmarkId="0"/>
    <open-files xmlns="http://www.netbeans.org/ns/projectui-open-files/2">
        <group>
            <file>file:/C:/Users/oscar/Documents/NetBeansProjects/Fachada/src/META-INF/persistence.xml</file>
            <file>file:/C:/Users/oscar/Documents/NetBeansProjects/Fachada/src/Facade/Facade.java</file>
            <file>file:/C:/Users/oscar/Documents/NetBeansProjects/Fachada/src/controladores/ClientesJpaController.java</file>
            <file>file:/C:/Users/oscar/Documents/NetBeansProjects/Fachada/src/GUI/JavaApplication2.java</file>
            <file>file:/C:/Users/oscar/Documents/NetBeansProjects/Fachada/src/entidades/Clientes.java</file>
        </group>
    </open-files>
</project-private>
